frame.encap_type,frame.len,frame.number,frame.time,frame.time_delta,frame.time_delta_displayed,frame.time_epoch,frame.time_relative,radiotap.channel.flags.cck,radiotap.channel.flags.ofdm,radiotap.channel.freq,radiotap.datarate,radiotap.dbm_antsignal,radiotap.length,radiotap.mactime,radiotap.present.tsft,radiotap.rxflags,radiotap.timestamp.ts,radiotap.vendor_oui,wlan.duration,wlan.analysis.kck,wlan.analysis.kek,wlan.bssid,wlan.country_info.fnm,wlan.country_info.code,wlan.da,wlan.fc.ds,wlan.fc.frag,wlan.fc.order,wlan.fc.moredata,wlan.fc.protected,wlan.fc.pwrmgt,wlan.fc.type,wlan.fc.retry,wlan.fc.subtype,wlan.fcs.bad_checksum,wlan.fixed.beacon,wlan.fixed.capabilities.ess,wlan.fixed.capabilities.ibss,wlan.fixed.reason_code,wlan.fixed.timestamp,wlan.fixed.status_code,wlan.fixed.auth_seq,wlan.ra,wlan_radio.duration,wlan.rsn.ie.gtk.key,wlan.rsn.ie.igtk.key,wlan.rsn.ie.pmkid,wlan.sa,wlan.seq,wlan.ssid,wlan.ta,wlan.tag,wlan.tag.length,wlan_radio.channel,wlan_radio.data_rate,wlan_radio.end_tsf,wlan_radio.frequency,wlan_radio.signal_dbm,wlan_radio.start_tsf,wlan_radio.phy,wlan_radio.timestamp,wlan.rsn.capabilities.mfpc,wlan_rsna_eapol.keydes.msgnr,wlan_rsna_eapol.keydes.data,wlan_rsna_eapol.keydes.data_len,wlan_rsna_eapol.keydes.key_info.key_mic,wlan_rsna_eapol.keydes.nonce,eapol.keydes.key_len,eapol.keydes.replay_counter,eapol.len,eapol.type,llc,arp,arp.hw.type,arp.proto.type,arp.hw.size,arp.proto.size,arp.opcode,arp.src.hw_mac,arp.src.proto_ipv4,arp.dst.hw_mac,arp.dst.proto_ipv4,ip.dst,ip.proto,ip.src,ip.ttl,ip.version,data.data,data.len,icmpv6.mldr.nb_mcast_records,icmpv6.ni.nonce,tcp.ack,tcp.ack_raw,tcp.analysis,tcp.analysis.flags,tcp.analysis.retransmission,tcp.analysis.reused_ports,tcp.analysis.rto_frame,tcp.checksum,tcp.checksum.status,tcp.dstport,tcp.flags.syn,tcp.flags.ack,tcp.flags.fin,tcp.flags.push,tcp.flags.reset,tcp.option_len,tcp.payload,tcp.seq,tcp.seq_raw,tcp.srcport,tcp.time_delta,tcp.time_relative,udp.dstport,udp.srcport,udp.length,udp.payload,udp.time_relative,udp.time_delta,nbns,nbss.continuation_data,nbss.type,nbss.length,ldap,smb.access.generic_execute,smb.access.generic_read,smb.access.generic_write,smb.flags.notify,smb.flags.response,smb.flags2.nt_error,smb.flags2.sec_sig,smb.mid,smb.nt_status,smb.server_component,smb.pid.high,smb.tid,smb2.acct,smb2.auth_frame,smb2.buffer_code,smb2.cmd,smb2.data_offset,smb2.domain,smb2.fid,smb2.filename,smb2.header_len,smb2.host,smb2.msg_id,smb2.pid,smb2.previous_sesid,smb2.protocol_id,smb2.sesid,smb2.session_flags,smb2.tid,smb2.write_length,dhcp,dhcp.client_id.duid_ll_hw_type,dhcp.cookie,dhcp.hw.addr_padding,dhcp.hw.mac_addr,dhcp.id,dhcp.ip.client,dhcp.ip.relay,dhcp.ip.server,dhcp.option.broadcast_address,dhcp.option.dhcp_server_id,dhcp.option.router,dhcp.option.vendor.bsdp.message_type,mdns,dns,dns.a,dns.count.add_rr,dns.count.answers,dns.count.auth_rr,dns.count.labels,dns.count.queries,dns.flags.authoritative,dns.flags.checkdisable,dns.flags.opcode,dns.flags.response,dns.ids,dns.ptr.domain_name,dns.qry.name,dns.qry.name.len,dns.resp.len,dns.resp.name,dns.resp.ttl,dns.retransmit_request,dns.retransmit_response,dns.time,ssdp,http.connection,http.content_length,http.content_type,http.date,http.file_data,http.host,http.last_modified,http.location,http.next_request_in,http.next_response_in,http.request.full_uri,http.request.line,http.request.method,http.request.uri.path,http.request.uri.query,http.request.uri.query.parameter,http.request.version,http.request_in,http.response.code,http.response.code.desc,http.response.line,http.response.phrase,http.response.version,http.response_for.uri,http.response_in,http.referer,http.time,http.server,json.value.string,json.key,ssh.cookie,ssh.compression_algorithms_client_to_server_length,ssh.compression_algorithms_server_to_client_length,ssh.direction,ssh.dh_gex.max,ssh.dh_gex.min,ssh.dh_gex.nbits,ssh.encryption_algorithms_client_to_server_length,ssh.encryption_algorithms_server_to_client_length,ssh.host_key.length,ssh.host_key.type_length,ssh.kex_algorithms_length,ssh.mac_algorithms_client_to_server_length,ssh.mac_algorithms_server_to_client_length,ssh.message_code,ssh.mpint_length,ssh.packet_length,ssh.packet_length_encrypted,ssh.padding_length,ssh.padding_string,ssh.protocol,ssh.server_host_key_algorithms_length,tls.alert_message.desc,tls.alert_message.level,tls.app_data_proto,tls.compress_certificate.compressed_certificate_message.length,tls.connection_id,tls.handshake.extension.type,tls.handshake.extensions_key_share_group,tls.handshake.session_ticket_length,tls.handshake.version,tls.record.content_type,tls.record.version,Label
23,62,150001,"Apr 16, 2024 17:52:06.280671000 UTC",0.00162,0.00162,1713289926.2806711,1206.187884,1,0,2412,1.0,-82.0,26,,0,0x00000000,,,314,,,04:42:1a:19:88:f8,,,96:b2:32:88:77:0b,0x00000000,0,0,0,0,0,0,1,11,,,,,,,77.0,0x00000001,96:b2:32:88:77:0b,480.0,,,,04:42:1a:19:88:f8,1333.0,,04:42:1a:19:88:f8,,,1,1.0,,2412,-82.0,,4,,,,,,,,,,,,,,,,,,,,,,,,,,,,,,,,,,,,,,,,,,,,,,,,,,,,,,,,,,,,,,,,,,,,,,,,,,,,,,,,,,,,,,,,,,,,,,,,,,,,,,,,,,,,,,,,,,,,,,,,,,,,,,,,,,,,,,,,,,,,,,,,,,,,,,,,,,,,,,,,,,,,,,,,,,,,,,,,,,,,,,,,,,,,,,,,,,Normal
23,368,150002,"Apr 16, 2024 17:52:06.364300000 UTC",0.083629,0.083629,1713289926.3643,1206.2715130000001,1,0,2412,1.0,-82.0,26,,0,0x00000000,,,0,,,04:42:1a:19:88:f8,,,ff:ff:ff:ff:ff:ff,0x00000000,0,0,0,0,0,0,0,8,,100.0,1.0,0.0,,6944095031159.0,,,ff:ff:ff:ff:ff:ff,2928.0,,,,04:42:1a:19:88:f8,1334.0,,04:42:1a:19:88:f8,,2.0,1,1.0,,2412,-82.0,,4,,,,,,,,,,,,,,,,,,,,,,,,,,,,,,,,,,,,,,,,,,,,,,,,,,,,,,,,,,,,,,,,,,,,,,,,,,,,,,,,,,,,,,,,,,,,,,,,,,,,,,,,,,,,,,,,,,,,,,,,,,,,,,,,,,,,,,,,,,,,,,,,,,,,,,,,,,,,,,,,,,,,,,,,,,,,,,,,,,,,,,,,,,,,,,,,,,Normal
23,56,150003,"Apr 16, 2024 17:52:06.421533000 UTC",0.057233000000000006,0.057233000000000006,1713289926.421533,1206.3287460000001,0,1,2412,54.0,16.0,26,,0,0x00000000,,,44,,,04:42:1a:19:88:f8,,,04:42:1a:19:88:f8,0x00000000,0,0,0,0,0,0,0,12,,,,,3.0,,,,04:42:1a:19:88:f8,28.0,,,,e6:1c:9f:ae:b7:0c,1526.0,,e6:1c:9f:ae:b7:0c,,,1,54.0,,2412,16.0,,6,,,,,,,,,,,,,,,,,,,,,,,,,,,,,,,,,,,,,,,,,,,,,,,,,,,,,,,,,,,,,,,,,,,,,,,,,,,,,,,,,,,,,,,,,,,,,,,,,,,,,,,,,,,,,,,,,,,,,,,,,,,,,,,,,,,,,,,,,,,,,,,,,,,,,,,,,,,,,,,,,,,,,,,,,,,,,,,,,,,,,,,,,,,,,,,,,,Normal
23,368,150004,"Apr 16, 2024 17:52:06.464475000 UTC",0.042942,0.042942,1713289926.464475,1206.3716880000002,1,0,2412,1.0,-82.0,26,,0,0x00000000,,,0,,,04:42:1a:19:88:f8,,,ff:ff:ff:ff:ff:ff,0x00000000,0,0,0,0,0,0,0,8,,100.0,1.0,0.0,,6944095131330.0,,,ff:ff:ff:ff:ff:ff,2928.0,,,,04:42:1a:19:88:f8,1335.0,,04:42:1a:19:88:f8,,2.0,1,1.0,,2412,-82.0,,4,,,,,,,,,,,,,,,,,,,,,,,,,,,,,,,,,,,,,,,,,,,,,,,,,,,,,,,,,,,,,,,,,,,,,,,,,,,,,,,,,,,,,,,,,,,,,,,,,,,,,,,,,,,,,,,,,,,,,,,,,,,,,,,,,,,,,,,,,,,,,,,,,,,,,,,,,,,,,,,,,,,,,,,,,,,,,,,,,,,,,,,,,,,,,,,,,,Normal
23,116,150005,"Apr 16, 2024 17:52:06.464478000 UTC",3e-06,3e-06,1713289926.464478,1206.371691,1,0,2412,1.0,-82.0,26,,0,0x00000000,,,0,,,04:42:1a:19:88:f8,,,01:80:c2:00:00:00,0x00000002,0,0,0,1,0,2,0,0,,,,,,,,,01:80:c2:00:00:00,912.0,,,,04:42:1a:19:88:f8,1336.0,,04:42:1a:19:88:f8,,,1,1.0,,2412,-82.0,,4,,,,,,,,,,,,,,,,,,,,,,,,,,,,3e:62:f0:04:09:c3:ce:3e:7f:43:a7:8a:ce:bb:d2:56:fa:1c:fd:fa:75:f9:9e:ad:f3:1f:73:5b:00:3d:d5:e9:45:b9:04:f4:84:2f:d7:6c:a4:d3:3e:c8:d5:62:7d:da:60:7d:07:72:b7:ad,54.0,,,,,,,,,,,,,,,,,,,,,,,,,,,,,,,,,,,,,,,,,,,,,,,,,,,,,,,,,,,,,,,,,,,,,,,,,,,,,,,,,,,,,,,,,,,,,,,,,,,,,,,,,,,,,,,,,,,,,,,,,,,,,,,,,,,,,,,,,,,,,,,,,,,,,,,,,,,,,,,,,,,,,Normal
23,56,150006,"Apr 16, 2024 17:52:06.521707000 UTC",0.057228999999999995,0.057228999999999995,1713289926.521707,1206.4289199999998,0,1,2412,54.0,16.0,26,,0,0x00000000,,,44,,,04:42:1a:19:88:f8,,,04:42:1a:19:88:f8,0x00000000,0,0,0,0,0,0,0,12,,,,,3.0,,,,04:42:1a:19:88:f8,28.0,,,,e6:1c:9f:ae:b7:0c,1526.0,,e6:1c:9f:ae:b7:0c,,,1,54.0,,2412,16.0,,6,,,,,,,,,,,,,,,,,,,,,,,,,,,,,,,,,,,,,,,,,,,,,,,,,,,,,,,,,,,,,,,,,,,,,,,,,,,,,,,,,,,,,,,,,,,,,,,,,,,,,,,,,,,,,,,,,,,,,,,,,,,,,,,,,,,,,,,,,,,,,,,,,,,,,,,,,,,,,,,,,,,,,,,,,,,,,,,,,,,,,,,,,,,,,,,,,,Normal
23,56,150007,"Apr 16, 2024 17:52:06.624081000 UTC",0.102374,0.102374,1713289926.6240811,1206.531294,0,1,2412,54.0,16.0,26,,0,0x00000000,,,44,,,04:42:1a:19:88:f8,,,04:42:1a:19:88:f8,0x00000000,0,0,0,0,0,0,0,12,,,,,3.0,,,,04:42:1a:19:88:f8,28.0,,,,e6:1c:9f:ae:b7:0c,1526.0,,e6:1c:9f:ae:b7:0c,,,1,54.0,,2412,16.0,,6,,,,,,,,,,,,,,,,,,,,,,,,,,,,,,,,,,,,,,,,,,,,,,,,,,,,,,,,,,,,,,,,,,,,,,,,,,,,,,,,,,,,,,,,,,,,,,,,,,,,,,,,,,,,,,,,,,,,,,,,,,,,,,,,,,,,,,,,,,,,,,,,,,,,,,,,,,,,,,,,,,,,,,,,,,,,,,,,,,,,,,,,,,,,,,,,,,Normal
23,62,150008,"Apr 16, 2024 17:52:06.641167000 UTC",0.017086,0.017086,1713289926.641167,1206.5483800000002,1,0,2412,1.0,-82.0,26,,0,0x00000000,,,314,,,04:42:1a:19:88:f8,,,5a:2e:25:bd:7f:0a,0x00000000,0,0,0,0,0,0,0,11,,,,,,,77.0,0x00000001,5a:2e:25:bd:7f:0a,480.0,,,,04:42:1a:19:88:f8,1338.0,,04:42:1a:19:88:f8,,,1,1.0,,2412,-82.0,,4,,,,,,,,,,,,,,,,,,,,,,,,,,,,,,,,,,,,,,,,,,,,,,,,,,,,,,,,,,,,,,,,,,,,,,,,,,,,,,,,,,,,,,,,,,,,,,,,,,,,,,,,,,,,,,,,,,,,,,,,,,,,,,,,,,,,,,,,,,,,,,,,,,,,,,,,,,,,,,,,,,,,,,,,,,,,,,,,,,,,,,,,,,,,,,,,,,Normal
23,62,150009,"Apr 16, 2024 17:52:06.643336000 UTC",0.002169,0.002169,1713289926.6433358,1206.550549,1,0,2412,1.0,-82.0,26,,0,0x00000000,,,314,,,04:42:1a:19:88:f8,,,5a:2e:25:bd:7f:0a,0x00000000,0,0,0,0,0,0,1,11,,,,,,,77.0,0x00000001,5a:2e:25:bd:7f:0a,480.0,,,,04:42:1a:19:88:f8,1338.0,,04:42:1a:19:88:f8,,,1,1.0,,2412,-82.0,,4,,,,,,,,,,,,,,,,,,,,,,,,,,,,,,,,,,,,,,,,,,,,,,,,,,,,,,,,,,,,,,,,,,,,,,,,,,,,,,,,,,,,,,,,,,,,,,,,,,,,,,,,,,,,,,,,,,,,,,,,,,,,,,,,,,,,,,,,,,,,,,,,,,,,,,,,,,,,,,,,,,,,,,,,,,,,,,,,,,,,,,,,,,,,,,,,,,Normal
23,62,150010,"Apr 16, 2024 17:52:06.645357000 UTC",0.0020210000000000002,0.0020210000000000002,1713289926.6453571,1206.5525699999998,1,0,2412,1.0,-82.0,26,,0,0x00000000,,,314,,,04:42:1a:19:88:f8,,,5a:2e:25:bd:7f:0a,0x00000000,0,0,0,0,0,0,1,11,,,,,,,77.0,0x00000001,5a:2e:25:bd:7f:0a,480.0,,,,04:42:1a:19:88:f8,1338.0,,04:42:1a:19:88:f8,,,1,1.0,,2412,-82.0,,4,,,,,,,,,,,,,,,,,,,,,,,,,,,,,,,,,,,,,,,,,,,,,,,,,,,,,,,,,,,,,,,,,,,,,,,,,,,,,,,,,,,,,,,,,,,,,,,,,,,,,,,,,,,,,,,,,,,,,,,,,,,,,,,,,,,,,,,,,,,,,,,,,,,,,,,,,,,,,,,,,,,,,,,,,,,,,,,,,,,,,,,,,,,,,,,,,,Normal
23,62,150011,"Apr 16, 2024 17:52:06.646983000 UTC",0.001626,0.001626,1713289926.646983,1206.554196,1,0,2412,1.0,-82.0,26,,0,0x00000000,,,314,,,04:42:1a:19:88:f8,,,5a:2e:25:bd:7f:0a,0x00000000,0,0,0,0,0,0,1,11,,,,,,,77.0,0x00000001,5a:2e:25:bd:7f:0a,480.0,,,,04:42:1a:19:88:f8,1338.0,,04:42:1a:19:88:f8,,,1,1.0,,2412,-82.0,,4,,,,,,,,,,,,,,,,,,,,,,,,,,,,,,,,,,,,,,,,,,,,,,,,,,,,,,,,,,,,,,,,,,,,,,,,,,,,,,,,,,,,,,,,,,,,,,,,,,,,,,,,,,,,,,,,,,,,,,,,,,,,,,,,,,,,,,,,,,,,,,,,,,,,,,,,,,,,,,,,,,,,,,,,,,,,,,,,,,,,,,,,,,,,,,,,,,Normal
23,62,150012,"Apr 16, 2024 17:52:06.654795000 UTC",0.007812,0.007812,1713289926.654795,1206.562008,1,0,2412,1.0,-82.0,26,,0,0x00000000,,,314,,,04:42:1a:19:88:f8,,,5a:2e:25:bd:7f:0a,0x00000000,0,0,0,0,0,0,1,11,,,,,,,77.0,0x00000001,5a:2e:25:bd:7f:0a,480.0,,,,04:42:1a:19:88:f8,1338.0,,04:42:1a:19:88:f8,,,1,1.0,,2412,-82.0,,4,,,,,,,,,,,,,,,,,,,,,,,,,,,,,,,,,,,,,,,,,,,,,,,,,,,,,,,,,,,,,,,,,,,,,,,,,,,,,,,,,,,,,,,,,,,,,,,,,,,,,,,,,,,,,,,,,,,,,,,,,,,,,,,,,,,,,,,,,,,,,,,,,,,,,,,,,,,,,,,,,,,,,,,,,,,,,,,,,,,,,,,,,,,,,,,,,,Normal
23,56,150013,"Apr 16, 2024 17:52:06.721424000 UTC",0.066629,0.066629,1713289926.721424,1206.628637,0,1,2412,54.0,16.0,26,,0,0x00000000,,,44,,,04:42:1a:19:88:f8,,,04:42:1a:19:88:f8,0x00000000,0,0,0,0,0,0,0,12,,,,,3.0,,,,04:42:1a:19:88:f8,28.0,,,,e6:1c:9f:ae:b7:0c,1526.0,,e6:1c:9f:ae:b7:0c,,,1,54.0,,2412,16.0,,6,,,,,,,,,,,,,,,,,,,,,,,,,,,,,,,,,,,,,,,,,,,,,,,,,,,,,,,,,,,,,,,,,,,,,,,,,,,,,,,,,,,,,,,,,,,,,,,,,,,,,,,,,,,,,,,,,,,,,,,,,,,,,,,,,,,,,,,,,,,,,,,,,,,,,,,,,,,,,,,,,,,,,,,,,,,,,,,,,,,,,,,,,,,,,,,,,,Normal
23,368,150014,"Apr 16, 2024 17:52:06.770339000 UTC",0.048915,0.048915,1713289926.770339,1206.6775519999999,1,0,2412,1.0,-82.0,26,,0,0x00000000,,,0,,,04:42:1a:19:88:f8,,,ff:ff:ff:ff:ff:ff,0x00000000,0,0,0,0,0,0,0,8,,100.0,1.0,0.0,,6944095437201.0,,,ff:ff:ff:ff:ff:ff,2928.0,,,,04:42:1a:19:88:f8,1340.0,,04:42:1a:19:88:f8,,2.0,1,1.0,,2412,-82.0,,4,,,,,,,,,,,,,,,,,,,,,,,,,,,,,,,,,,,,,,,,,,,,,,,,,,,,,,,,,,,,,,,,,,,,,,,,,,,,,,,,,,,,,,,,,,,,,,,,,,,,,,,,,,,,,,,,,,,,,,,,,,,,,,,,,,,,,,,,,,,,,,,,,,,,,,,,,,,,,,,,,,,,,,,,,,,,,,,,,,,,,,,,,,,,,,,,,,Normal
23,56,150015,"Apr 16, 2024 17:52:06.821396000 UTC",0.051057,0.051057,1713289926.821396,1206.728609,0,1,2412,54.0,16.0,26,,0,0x00000000,,,44,,,04:42:1a:19:88:f8,,,04:42:1a:19:88:f8,0x00000000,0,0,0,0,0,0,0,12,,,,,3.0,,,,04:42:1a:19:88:f8,28.0,,,,e6:1c:9f:ae:b7:0c,1526.0,,e6:1c:9f:ae:b7:0c,,,1,54.0,,2412,16.0,,6,,,,,,,,,,,,,,,,,,,,,,,,,,,,,,,,,,,,,,,,,,,,,,,,,,,,,,,,,,,,,,,,,,,,,,,,,,,,,,,,,,,,,,,,,,,,,,,,,,,,,,,,,,,,,,,,,,,,,,,,,,,,,,,,,,,,,,,,,,,,,,,,,,,,,,,,,,,,,,,,,,,,,,,,,,,,,,,,,,,,,,,,,,,,,,,,,,Normal
23,368,150016,"Apr 16, 2024 17:52:06.872714000 UTC",0.051317999999999996,0.051317999999999996,1713289926.872714,1206.779927,1,0,2412,1.0,-82.0,26,,0,0x00000000,,,0,,,04:42:1a:19:88:f8,,,ff:ff:ff:ff:ff:ff,0x00000000,0,0,0,0,0,0,0,8,,100.0,1.0,0.0,,6944095539588.0,,,ff:ff:ff:ff:ff:ff,2928.0,,,,04:42:1a:19:88:f8,1341.0,,04:42:1a:19:88:f8,,2.0,1,1.0,,2412,-82.0,,4,,,,,,,,,,,,,,,,,,,,,,,,,,,,,,,,,,,,,,,,,,,,,,,,,,,,,,,,,,,,,,,,,,,,,,,,,,,,,,,,,,,,,,,,,,,,,,,,,,,,,,,,,,,,,,,,,,,,,,,,,,,,,,,,,,,,,,,,,,,,,,,,,,,,,,,,,,,,,,,,,,,,,,,,,,,,,,,,,,,,,,,,,,,,,,,,,,Normal
23,56,150017,"Apr 16, 2024 17:52:06.921853000 UTC",0.049138999999999995,0.049138999999999995,1713289926.9218528,1206.829066,0,1,2412,54.0,16.0,26,,0,0x00000000,,,44,,,04:42:1a:19:88:f8,,,04:42:1a:19:88:f8,0x00000000,0,0,0,0,0,0,0,12,,,,,3.0,,,,04:42:1a:19:88:f8,28.0,,,,e6:1c:9f:ae:b7:0c,1526.0,,e6:1c:9f:ae:b7:0c,,,1,54.0,,2412,16.0,,6,,,,,,,,,,,,,,,,,,,,,,,,,,,,,,,,,,,,,,,,,,,,,,,,,,,,,,,,,,,,,,,,,,,,,,,,,,,,,,,,,,,,,,,,,,,,,,,,,,,,,,,,,,,,,,,,,,,,,,,,,,,,,,,,,,,,,,,,,,,,,,,,,,,,,,,,,,,,,,,,,,,,,,,,,,,,,,,,,,,,,,,,,,,,,,,,,,Normal
23,283,150018,"Apr 16, 2024 17:52:06.978791000 UTC",0.056938,0.056938,1713289926.978791,1206.886004,1,0,2412,1.0,-82.0,26,,0,0x00000000,,,0,,,04:42:1a:19:88:f8,,,01:80:c2:00:00:0e,0x00000002,0,0,0,1,0,2,0,0,,,,,,,,,01:80:c2:00:00:0e,2248.0,,,,04:42:1a:19:88:f8,1343.0,,04:42:1a:19:88:f8,,,1,1.0,,2412,-82.0,,4,,,,,,,,,,,,,,,,,,,,,,,,,,,,9c:f4:c1:73:84:bd:0c:39:21:a6:20:64:b7:71:df:e3:fd:88:b9:aa:f7:e0:4e:8b:4f:57:11:4b:e5:55:ab:dc:2b:a0:35:1c:2d:ef:67:89:c5:2d:3b:73:ce:39:4c:57:1b:5f:95:f0:78:76:ce:e4:a4:b2:ed:4f:9c:98:4e:15:93:25:75:b3:f0:ce:46:00:0f:af:64:41:cf:b0:05:e7:81:7b:87:6a:c3:f7:77:7a:71:f0:a9:ac:55:38:e2:92:03:69:3d:b9:63:cf:ea:c2:47:77:65:9e:13:1c:5e:bb:00:7c:0e:db:5c:36:d9:74:83:75:e4:9b:2f:90:12:35:a6:82:86:dc:3e:92:be:21:cb:a1:98:db:97:85:1f:82:8c:83:4b:6f:71:4e:ec:fa:37:38:55:f6:77:7c:c1:b1:aa:80:84:77:09:27:19:04:26:59:c3:1c:09:2d:d7:6f:01:4f:c2:bb:20:88:c6:96:d3:2c:e8:5a:97:13:fa:87:28:b1:fe:81:a8:0a:db:0f:7c:57:85:d1:d5:59:3c:59:13:27:93:17:65:cb:c9:bc:87:d0:ce:6d:41,221.0,,,,,,,,,,,,,,,,,,,,,,,,,,,,,,,,,,,,,,,,,,,,,,,,,,,,,,,,,,,,,,,,,,,,,,,,,,,,,,,,,,,,,,,,,,,,,,,,,,,,,,,,,,,,,,,,,,,,,,,,,,,,,,,,,,,,,,,,,,,,,,,,,,,,,,,,,,,,,,,,,,,,,Normal
23,56,150019,"Apr 16, 2024 17:52:07.021437000 UTC",0.042645999999999996,0.042645999999999996,1713289927.021437,1206.92865,0,1,2412,54.0,16.0,26,,0,0x00000000,,,44,,,04:42:1a:19:88:f8,,,04:42:1a:19:88:f8,0x00000000,0,0,0,0,0,0,0,12,,,,,3.0,,,,04:42:1a:19:88:f8,28.0,,,,e6:1c:9f:ae:b7:0c,1526.0,,e6:1c:9f:ae:b7:0c,,,1,54.0,,2412,16.0,,6,,,,,,,,,,,,,,,,,,,,,,,,,,,,,,,,,,,,,,,,,,,,,,,,,,,,,,,,,,,,,,,,,,,,,,,,,,,,,,,,,,,,,,,,,,,,,,,,,,,,,,,,,,,,,,,,,,,,,,,,,,,,,,,,,,,,,,,,,,,,,,,,,,,,,,,,,,,,,,,,,,,,,,,,,,,,,,,,,,,,,,,,,,,,,,,,,,Normal
23,56,150020,"Apr 16, 2024 17:52:07.075316000 UTC",0.053878999999999996,0.053878999999999996,1713289927.075316,1206.9825289999999,0,1,2412,54.0,-38.0,26,,0,0x00000000,,,44,,,04:42:1a:19:88:f8,,,04:42:1a:19:88:f8,0x00000000,0,0,0,0,0,0,0,12,,,,,3.0,,,,04:42:1a:19:88:f8,28.0,,,,96:b2:32:88:77:0b,1526.0,,96:b2:32:88:77:0b,,,1,54.0,,2412,-38.0,,6,,,,,,,,,,,,,,,,,,,,,,,,,,,,,,,,,,,,,,,,,,,,,,,,,,,,,,,,,,,,,,,,,,,,,,,,,,,,,,,,,,,,,,,,,,,,,,,,,,,,,,,,,,,,,,,,,,,,,,,,,,,,,,,,,,,,,,,,,,,,,,,,,,,,,,,,,,,,,,,,,,,,,,,,,,,,,,,,,,,,,,,,,,,,,,,,,,Normal
23,56,150021,"Apr 16, 2024 17:52:07.121458000 UTC",0.046142,0.046142,1713289927.121458,1207.028671,0,1,2412,54.0,16.0,26,,0,0x00000000,,,44,,,04:42:1a:19:88:f8,,,04:42:1a:19:88:f8,0x00000000,0,0,0,0,0,0,0,12,,,,,3.0,,,,04:42:1a:19:88:f8,28.0,,,,e6:1c:9f:ae:b7:0c,1526.0,,e6:1c:9f:ae:b7:0c,,,1,54.0,,2412,16.0,,6,,,,,,,,,,,,,,,,,,,,,,,,,,,,,,,,,,,,,,,,,,,,,,,,,,,,,,,,,,,,,,,,,,,,,,,,,,,,,,,,,,,,,,,,,,,,,,,,,,,,,,,,,,,,,,,,,,,,,,,,,,,,,,,,,,,,,,,,,,,,,,,,,,,,,,,,,,,,,,,,,,,,,,,,,,,,,,,,,,,,,,,,,,,,,,,,,,Normal
23,56,150022,"Apr 16, 2024 17:52:07.173320000 UTC",0.051862,0.051862,1713289927.1733198,1207.080533,0,1,2412,54.0,-40.0,26,,0,0x00000000,,,44,,,04:42:1a:19:88:f8,,,04:42:1a:19:88:f8,0x00000000,0,0,0,0,0,0,0,12,,,,,3.0,,,,04:42:1a:19:88:f8,28.0,,,,96:b2:32:88:77:0b,1526.0,,96:b2:32:88:77:0b,,,1,54.0,,2412,-40.0,,6,,,,,,,,,,,,,,,,,,,,,,,,,,,,,,,,,,,,,,,,,,,,,,,,,,,,,,,,,,,,,,,,,,,,,,,,,,,,,,,,,,,,,,,,,,,,,,,,,,,,,,,,,,,,,,,,,,,,,,,,,,,,,,,,,,,,,,,,,,,,,,,,,,,,,,,,,,,,,,,,,,,,,,,,,,,,,,,,,,,,,,,,,,,,,,,,,,Normal
23,368,150023,"Apr 16, 2024 17:52:07.181297000 UTC",0.007977,0.007977,1713289927.181297,1207.08851,1,0,2412,1.0,-82.0,26,,0,0x00000000,,,0,,,04:42:1a:19:88:f8,,,ff:ff:ff:ff:ff:ff,0x00000000,0,0,0,0,0,0,0,8,,100.0,1.0,0.0,,6944095848149.0,,,ff:ff:ff:ff:ff:ff,2928.0,,,,04:42:1a:19:88:f8,1345.0,,04:42:1a:19:88:f8,,2.0,1,1.0,,2412,-82.0,,4,,,,,,,,,,,,,,,,,,,,,,,,,,,,,,,,,,,,,,,,,,,,,,,,,,,,,,,,,,,,,,,,,,,,,,,,,,,,,,,,,,,,,,,,,,,,,,,,,,,,,,,,,,,,,,,,,,,,,,,,,,,,,,,,,,,,,,,,,,,,,,,,,,,,,,,,,,,,,,,,,,,,,,,,,,,,,,,,,,,,,,,,,,,,,,,,,,Normal
23,116,150024,"Apr 16, 2024 17:52:07.181299000 UTC",2e-06,2e-06,1713289927.181299,1207.0885119999998,1,0,2412,1.0,-82.0,26,,0,0x00000000,,,0,,,04:42:1a:19:88:f8,,,ff:ff:ff:ff:ff:ff,0x00000002,0,0,0,1,0,2,0,0,,,,,,,,,ff:ff:ff:ff:ff:ff,912.0,,,,04:42:1a:19:88:f8,1346.0,,04:42:1a:19:88:f8,,,1,1.0,,2412,-82.0,,4,,,,,,,,,,,,,,,,,,,,,,,,,,,,11:65:23:7c:97:50:cc:33:e9:5d:89:ef:a5:a7:f1:81:96:47:24:71:82:6e:a4:0f:00:e6:08:19:12:0e:f3:75:7a:77:63:27:b7:14:44:f3:20:84:31:52:86:25:59:a9:a3:cf:08:04:94:45,54.0,,,,,,,,,,,,,,,,,,,,,,,,,,,,,,,,,,,,,,,,,,,,,,,,,,,,,,,,,,,,,,,,,,,,,,,,,,,,,,,,,,,,,,,,,,,,,,,,,,,,,,,,,,,,,,,,,,,,,,,,,,,,,,,,,,,,,,,,,,,,,,,,,,,,,,,,,,,,,,,,,,,,,Normal
23,56,150025,"Apr 16, 2024 17:52:07.221397000 UTC",0.040098,0.040098,1713289927.2213972,1207.12861,0,1,2412,54.0,16.0,26,,0,0x00000000,,,44,,,04:42:1a:19:88:f8,,,04:42:1a:19:88:f8,0x00000000,0,0,0,0,0,0,0,12,,,,,3.0,,,,04:42:1a:19:88:f8,28.0,,,,e6:1c:9f:ae:b7:0c,1526.0,,e6:1c:9f:ae:b7:0c,,,1,54.0,,2412,16.0,,6,,,,,,,,,,,,,,,,,,,,,,,,,,,,,,,,,,,,,,,,,,,,,,,,,,,,,,,,,,,,,,,,,,,,,,,,,,,,,,,,,,,,,,,,,,,,,,,,,,,,,,,,,,,,,,,,,,,,,,,,,,,,,,,,,,,,,,,,,,,,,,,,,,,,,,,,,,,,,,,,,,,,,,,,,,,,,,,,,,,,,,,,,,,,,,,,,,Normal
23,56,150026,"Apr 16, 2024 17:52:07.273416000 UTC",0.052019,0.052019,1713289927.273416,1207.180629,0,1,2412,54.0,-42.0,26,,0,0x00000000,,,44,,,04:42:1a:19:88:f8,,,04:42:1a:19:88:f8,0x00000000,0,0,0,0,0,0,0,12,,,,,3.0,,,,04:42:1a:19:88:f8,28.0,,,,96:b2:32:88:77:0b,1526.0,,96:b2:32:88:77:0b,,,1,54.0,,2412,-42.0,,6,,,,,,,,,,,,,,,,,,,,,,,,,,,,,,,,,,,,,,,,,,,,,,,,,,,,,,,,,,,,,,,,,,,,,,,,,,,,,,,,,,,,,,,,,,,,,,,,,,,,,,,,,,,,,,,,,,,,,,,,,,,,,,,,,,,,,,,,,,,,,,,,,,,,,,,,,,,,,,,,,,,,,,,,,,,,,,,,,,,,,,,,,,,,,,,,,,Normal
23,56,150027,"Apr 16, 2024 17:52:07.321460000 UTC",0.048043999999999996,0.048043999999999996,1713289927.32146,1207.228673,0,1,2412,54.0,16.0,26,,0,0x00000000,,,44,,,04:42:1a:19:88:f8,,,04:42:1a:19:88:f8,0x00000000,0,0,0,0,0,0,0,12,,,,,3.0,,,,04:42:1a:19:88:f8,28.0,,,,e6:1c:9f:ae:b7:0c,1526.0,,e6:1c:9f:ae:b7:0c,,,1,54.0,,2412,16.0,,6,,,,,,,,,,,,,,,,,,,,,,,,,,,,,,,,,,,,,,,,,,,,,,,,,,,,,,,,,,,,,,,,,,,,,,,,,,,,,,,,,,,,,,,,,,,,,,,,,,,,,,,,,,,,,,,,,,,,,,,,,,,,,,,,,,,,,,,,,,,,,,,,,,,,,,,,,,,,,,,,,,,,,,,,,,,,,,,,,,,,,,,,,,,,,,,,,,Normal
23,146,150028,"Apr 16, 2024 17:52:07.373516000 UTC",0.05205599999999999,0.05205599999999999,1713289927.373516,1207.2807289999998,0,1,2412,54.0,-40.0,26,,0,0x00000000,,,44,,,04:42:1a:19:88:f8,,,04:42:1a:19:88:f8,0x00000000,0,0,0,0,0,0,0,11,,,,,,,0.0,0x00000001,04:42:1a:19:88:f8,40.0,,,,96:b2:32:88:77:0b,0.0,,96:b2:32:88:77:0b,,,1,54.0,,2412,-40.0,,6,,,,,,,,,,,,,,,,,,,,,,,,,,,,,,,,,,,,,,,,,,,,,,,,,,,,,,,,,,,,,,,,,,,,,,,,,,,,,,,,,,,,,,,,,,,,,,,,,,,,,,,,,,,,,,,,,,,,,,,,,,,,,,,,,,,,,,,,,,,,,,,,,,,,,,,,,,,,,,,,,,,,,,,,,,,,,,,,,,,,,,,,,,,,,,,,,,DragonTime
23,62,150029,"Apr 16, 2024 17:52:07.375678000 UTC",0.0021620000000000003,0.0021620000000000003,1713289927.3756778,1207.282891,1,0,2412,1.0,-82.0,26,,0,0x00000000,,,314,,,04:42:1a:19:88:f8,,,96:b2:32:88:77:0b,0x00000000,0,0,0,0,0,0,0,11,,,,,,,77.0,0x00000001,96:b2:32:88:77:0b,480.0,,,,04:42:1a:19:88:f8,1348.0,,04:42:1a:19:88:f8,,,1,1.0,,2412,-82.0,,4,,,,,,,,,,,,,,,,,,,,,,,,,,,,,,,,,,,,,,,,,,,,,,,,,,,,,,,,,,,,,,,,,,,,,,,,,,,,,,,,,,,,,,,,,,,,,,,,,,,,,,,,,,,,,,,,,,,,,,,,,,,,,,,,,,,,,,,,,,,,,,,,,,,,,,,,,,,,,,,,,,,,,,,,,,,,,,,,,,,,,,,,,,,,,,,,,,Normal
23,62,150030,"Apr 16, 2024 17:52:07.375680000 UTC",2e-06,2e-06,1713289927.37568,1207.282893,1,0,2412,1.0,-82.0,26,,0,0x00000000,,,314,,,04:42:1a:19:88:f8,,,96:b2:32:88:77:0b,0x00000000,0,0,0,0,0,0,1,11,,,,,,,77.0,0x00000001,96:b2:32:88:77:0b,480.0,,,,04:42:1a:19:88:f8,1348.0,,04:42:1a:19:88:f8,,,1,1.0,,2412,-82.0,,4,,,,,,,,,,,,,,,,,,,,,,,,,,,,,,,,,,,,,,,,,,,,,,,,,,,,,,,,,,,,,,,,,,,,,,,,,,,,,,,,,,,,,,,,,,,,,,,,,,,,,,,,,,,,,,,,,,,,,,,,,,,,,,,,,,,,,,,,,,,,,,,,,,,,,,,,,,,,,,,,,,,,,,,,,,,,,,,,,,,,,,,,,,,,,,,,,,Normal
23,62,150031,"Apr 16, 2024 17:52:07.379514000 UTC",0.003834,0.003834,1713289927.379514,1207.286727,1,0,2412,1.0,-82.0,26,,0,0x00000000,,,314,,,04:42:1a:19:88:f8,,,96:b2:32:88:77:0b,0x00000000,0,0,0,0,0,0,1,11,,,,,,,77.0,0x00000001,96:b2:32:88:77:0b,480.0,,,,04:42:1a:19:88:f8,1348.0,,04:42:1a:19:88:f8,,,1,1.0,,2412,-82.0,,4,,,,,,,,,,,,,,,,,,,,,,,,,,,,,,,,,,,,,,,,,,,,,,,,,,,,,,,,,,,,,,,,,,,,,,,,,,,,,,,,,,,,,,,,,,,,,,,,,,,,,,,,,,,,,,,,,,,,,,,,,,,,,,,,,,,,,,,,,,,,,,,,,,,,,,,,,,,,,,,,,,,,,,,,,,,,,,,,,,,,,,,,,,,,,,,,,,Normal
23,62,150032,"Apr 16, 2024 17:52:07.379517000 UTC",3e-06,3e-06,1713289927.379517,1207.28673,1,0,2412,1.0,-82.0,26,,0,0x00000000,,,314,,,04:42:1a:19:88:f8,,,96:b2:32:88:77:0b,0x00000000,0,0,0,0,0,0,1,11,,,,,,,77.0,0x00000001,96:b2:32:88:77:0b,480.0,,,,04:42:1a:19:88:f8,1348.0,,04:42:1a:19:88:f8,,,1,1.0,,2412,-82.0,,4,,,,,,,,,,,,,,,,,,,,,,,,,,,,,,,,,,,,,,,,,,,,,,,,,,,,,,,,,,,,,,,,,,,,,,,,,,,,,,,,,,,,,,,,,,,,,,,,,,,,,,,,,,,,,,,,,,,,,,,,,,,,,,,,,,,,,,,,,,,,,,,,,,,,,,,,,,,,,,,,,,,,,,,,,,,,,,,,,,,,,,,,,,,,,,,,,,Normal
23,62,150033,"Apr 16, 2024 17:52:07.381227000 UTC",0.0017100000000000001,0.0017100000000000001,1713289927.381227,1207.28844,1,0,2412,1.0,-82.0,26,,0,0x00000000,,,314,,,04:42:1a:19:88:f8,,,96:b2:32:88:77:0b,0x00000000,0,0,0,0,0,0,1,11,,,,,,,77.0,0x00000001,96:b2:32:88:77:0b,480.0,,,,04:42:1a:19:88:f8,1348.0,,04:42:1a:19:88:f8,,,1,1.0,,2412,-82.0,,4,,,,,,,,,,,,,,,,,,,,,,,,,,,,,,,,,,,,,,,,,,,,,,,,,,,,,,,,,,,,,,,,,,,,,,,,,,,,,,,,,,,,,,,,,,,,,,,,,,,,,,,,,,,,,,,,,,,,,,,,,,,,,,,,,,,,,,,,,,,,,,,,,,,,,,,,,,,,,,,,,,,,,,,,,,,,,,,,,,,,,,,,,,,,,,,,,,Normal
23,62,150034,"Apr 16, 2024 17:52:07.381230000 UTC",3e-06,3e-06,1713289927.38123,1207.288443,1,0,2412,1.0,-82.0,26,,0,0x00000000,,,314,,,04:42:1a:19:88:f8,,,96:b2:32:88:77:0b,0x00000000,0,0,0,0,0,0,1,11,,,,,,,77.0,0x00000001,96:b2:32:88:77:0b,480.0,,,,04:42:1a:19:88:f8,1348.0,,04:42:1a:19:88:f8,,,1,1.0,,2412,-82.0,,4,,,,,,,,,,,,,,,,,,,,,,,,,,,,,,,,,,,,,,,,,,,,,,,,,,,,,,,,,,,,,,,,,,,,,,,,,,,,,,,,,,,,,,,,,,,,,,,,,,,,,,,,,,,,,,,,,,,,,,,,,,,,,,,,,,,,,,,,,,,,,,,,,,,,,,,,,,,,,,,,,,,,,,,,,,,,,,,,,,,,,,,,,,,,,,,,,,Normal
23,368,150035,"Apr 16, 2024 17:52:07.385394000 UTC",0.004164,0.004164,1713289927.3853939,1207.292607,1,0,2412,1.0,-82.0,26,,0,0x00000000,,,0,,,04:42:1a:19:88:f8,,,ff:ff:ff:ff:ff:ff,0x00000000,0,0,0,0,0,0,0,8,,100.0,1.0,0.0,,6944096052244.0,,,ff:ff:ff:ff:ff:ff,2928.0,,,,04:42:1a:19:88:f8,1349.0,,04:42:1a:19:88:f8,,2.0,1,1.0,,2412,-82.0,,4,,,,,,,,,,,,,,,,,,,,,,,,,,,,,,,,,,,,,,,,,,,,,,,,,,,,,,,,,,,,,,,,,,,,,,,,,,,,,,,,,,,,,,,,,,,,,,,,,,,,,,,,,,,,,,,,,,,,,,,,,,,,,,,,,,,,,,,,,,,,,,,,,,,,,,,,,,,,,,,,,,,,,,,,,,,,,,,,,,,,,,,,,,,,,,,,,,Normal
23,56,150036,"Apr 16, 2024 17:52:07.420842000 UTC",0.035448,0.035448,1713289927.420842,1207.3280550000002,0,1,2412,54.0,16.0,26,,0,0x00000000,,,44,,,04:42:1a:19:88:f8,,,04:42:1a:19:88:f8,0x00000000,0,0,0,0,0,0,0,12,,,,,3.0,,,,04:42:1a:19:88:f8,28.0,,,,e6:1c:9f:ae:b7:0c,1526.0,,e6:1c:9f:ae:b7:0c,,,1,54.0,,2412,16.0,,6,,,,,,,,,,,,,,,,,,,,,,,,,,,,,,,,,,,,,,,,,,,,,,,,,,,,,,,,,,,,,,,,,,,,,,,,,,,,,,,,,,,,,,,,,,,,,,,,,,,,,,,,,,,,,,,,,,,,,,,,,,,,,,,,,,,,,,,,,,,,,,,,,,,,,,,,,,,,,,,,,,,,,,,,,,,,,,,,,,,,,,,,,,,,,,,,,,Normal
23,368,150037,"Apr 16, 2024 17:52:07.488813000 UTC",0.067971,0.067971,1713289927.4888132,1207.396026,1,0,2412,1.0,-82.0,26,,0,0x00000000,,,0,,,04:42:1a:19:88:f8,,,ff:ff:ff:ff:ff:ff,0x00000000,0,0,0,0,0,0,0,8,,100.0,1.0,0.0,,6944096155664.0,,,ff:ff:ff:ff:ff:ff,2928.0,,,,04:42:1a:19:88:f8,1350.0,,04:42:1a:19:88:f8,,2.0,1,1.0,,2412,-82.0,,4,,,,,,,,,,,,,,,,,,,,,,,,,,,,,,,,,,,,,,,,,,,,,,,,,,,,,,,,,,,,,,,,,,,,,,,,,,,,,,,,,,,,,,,,,,,,,,,,,,,,,,,,,,,,,,,,,,,,,,,,,,,,,,,,,,,,,,,,,,,,,,,,,,,,,,,,,,,,,,,,,,,,,,,,,,,,,,,,,,,,,,,,,,,,,,,,,,Normal
23,62,150038,"Apr 16, 2024 17:52:07.545226000 UTC",0.056413,0.056413,1713289927.5452259,1207.4524390000001,1,0,2412,1.0,-82.0,26,,0,0x00000000,,,314,,,04:42:1a:19:88:f8,,,5a:2e:25:bd:7f:0a,0x00000000,0,0,0,0,0,0,0,11,,,,,,,77.0,0x00000001,5a:2e:25:bd:7f:0a,480.0,,,,04:42:1a:19:88:f8,1351.0,,04:42:1a:19:88:f8,,,1,1.0,,2412,-82.0,,4,,,,,,,,,,,,,,,,,,,,,,,,,,,,,,,,,,,,,,,,,,,,,,,,,,,,,,,,,,,,,,,,,,,,,,,,,,,,,,,,,,,,,,,,,,,,,,,,,,,,,,,,,,,,,,,,,,,,,,,,,,,,,,,,,,,,,,,,,,,,,,,,,,,,,,,,,,,,,,,,,,,,,,,,,,,,,,,,,,,,,,,,,,,,,,,,,,Normal
23,62,150039,"Apr 16, 2024 17:52:07.545228000 UTC",2e-06,2e-06,1713289927.545228,1207.452441,1,0,2412,1.0,-82.0,26,,0,0x00000000,,,314,,,04:42:1a:19:88:f8,,,5a:2e:25:bd:7f:0a,0x00000000,0,0,0,0,0,0,1,11,,,,,,,77.0,0x00000001,5a:2e:25:bd:7f:0a,480.0,,,,04:42:1a:19:88:f8,1351.0,,04:42:1a:19:88:f8,,,1,1.0,,2412,-82.0,,4,,,,,,,,,,,,,,,,,,,,,,,,,,,,,,,,,,,,,,,,,,,,,,,,,,,,,,,,,,,,,,,,,,,,,,,,,,,,,,,,,,,,,,,,,,,,,,,,,,,,,,,,,,,,,,,,,,,,,,,,,,,,,,,,,,,,,,,,,,,,,,,,,,,,,,,,,,,,,,,,,,,,,,,,,,,,,,,,,,,,,,,,,,,,,,,,,,Normal
23,62,150040,"Apr 16, 2024 17:52:07.546932000 UTC",0.001704,0.001704,1713289927.546932,1207.454145,1,0,2412,1.0,-82.0,26,,0,0x00000000,,,314,,,04:42:1a:19:88:f8,,,5a:2e:25:bd:7f:0a,0x00000000,0,0,0,0,0,0,1,11,,,,,,,77.0,0x00000001,5a:2e:25:bd:7f:0a,480.0,,,,04:42:1a:19:88:f8,1351.0,,04:42:1a:19:88:f8,,,1,1.0,,2412,-82.0,,4,,,,,,,,,,,,,,,,,,,,,,,,,,,,,,,,,,,,,,,,,,,,,,,,,,,,,,,,,,,,,,,,,,,,,,,,,,,,,,,,,,,,,,,,,,,,,,,,,,,,,,,,,,,,,,,,,,,,,,,,,,,,,,,,,,,,,,,,,,,,,,,,,,,,,,,,,,,,,,,,,,,,,,,,,,,,,,,,,,,,,,,,,,,,,,,,,,Normal
23,62,150041,"Apr 16, 2024 17:52:07.546934000 UTC",2e-06,2e-06,1713289927.546934,1207.4541470000001,1,0,2412,1.0,-82.0,26,,0,0x00000000,,,314,,,04:42:1a:19:88:f8,,,5a:2e:25:bd:7f:0a,0x00000000,0,0,0,0,0,0,1,11,,,,,,,77.0,0x00000001,5a:2e:25:bd:7f:0a,480.0,,,,04:42:1a:19:88:f8,1351.0,,04:42:1a:19:88:f8,,,1,1.0,,2412,-82.0,,4,,,,,,,,,,,,,,,,,,,,,,,,,,,,,,,,,,,,,,,,,,,,,,,,,,,,,,,,,,,,,,,,,,,,,,,,,,,,,,,,,,,,,,,,,,,,,,,,,,,,,,,,,,,,,,,,,,,,,,,,,,,,,,,,,,,,,,,,,,,,,,,,,,,,,,,,,,,,,,,,,,,,,,,,,,,,,,,,,,,,,,,,,,,,,,,,,,Normal
23,62,150042,"Apr 16, 2024 17:52:07.548578000 UTC",0.001644,0.001644,1713289927.548578,1207.455791,1,0,2412,1.0,-82.0,26,,0,0x00000000,,,314,,,04:42:1a:19:88:f8,,,5a:2e:25:bd:7f:0a,0x00000000,0,0,0,0,0,0,1,11,,,,,,,77.0,0x00000001,5a:2e:25:bd:7f:0a,480.0,,,,04:42:1a:19:88:f8,1351.0,,04:42:1a:19:88:f8,,,1,1.0,,2412,-82.0,,4,,,,,,,,,,,,,,,,,,,,,,,,,,,,,,,,,,,,,,,,,,,,,,,,,,,,,,,,,,,,,,,,,,,,,,,,,,,,,,,,,,,,,,,,,,,,,,,,,,,,,,,,,,,,,,,,,,,,,,,,,,,,,,,,,,,,,,,,,,,,,,,,,,,,,,,,,,,,,,,,,,,,,,,,,,,,,,,,,,,,,,,,,,,,,,,,,,Normal
23,62,150043,"Apr 16, 2024 17:52:07.548581000 UTC",3e-06,3e-06,1713289927.5485811,1207.455794,1,0,2412,1.0,-82.0,26,,0,0x00000000,,,314,,,04:42:1a:19:88:f8,,,5a:2e:25:bd:7f:0a,0x00000000,0,0,0,0,0,0,1,11,,,,,,,77.0,0x00000001,5a:2e:25:bd:7f:0a,480.0,,,,04:42:1a:19:88:f8,1351.0,,04:42:1a:19:88:f8,,,1,1.0,,2412,-82.0,,4,,,,,,,,,,,,,,,,,,,,,,,,,,,,,,,,,,,,,,,,,,,,,,,,,,,,,,,,,,,,,,,,,,,,,,,,,,,,,,,,,,,,,,,,,,,,,,,,,,,,,,,,,,,,,,,,,,,,,,,,,,,,,,,,,,,,,,,,,,,,,,,,,,,,,,,,,,,,,,,,,,,,,,,,,,,,,,,,,,,,,,,,,,,,,,,,,,Normal
23,62,150044,"Apr 16, 2024 17:52:07.550260000 UTC",0.001679,0.001679,1713289927.55026,1207.457473,1,0,2412,1.0,-82.0,26,,0,0x00000000,,,314,,,04:42:1a:19:88:f8,,,5a:2e:25:bd:7f:0a,0x00000000,0,0,0,0,0,0,1,11,,,,,,,77.0,0x00000001,5a:2e:25:bd:7f:0a,480.0,,,,04:42:1a:19:88:f8,1351.0,,04:42:1a:19:88:f8,,,1,1.0,,2412,-82.0,,4,,,,,,,,,,,,,,,,,,,,,,,,,,,,,,,,,,,,,,,,,,,,,,,,,,,,,,,,,,,,,,,,,,,,,,,,,,,,,,,,,,,,,,,,,,,,,,,,,,,,,,,,,,,,,,,,,,,,,,,,,,,,,,,,,,,,,,,,,,,,,,,,,,,,,,,,,,,,,,,,,,,,,,,,,,,,,,,,,,,,,,,,,,,,,,,,,,Normal
23,368,150045,"Apr 16, 2024 17:52:07.590896000 UTC",0.040636,0.040636,1713289927.5908961,1207.4981089999999,1,0,2412,1.0,-82.0,26,,0,0x00000000,,,0,,,04:42:1a:19:88:f8,,,ff:ff:ff:ff:ff:ff,0x00000000,0,0,0,0,0,0,0,8,,100.0,1.0,0.0,,6944096257741.0,,,ff:ff:ff:ff:ff:ff,2928.0,,,,04:42:1a:19:88:f8,1352.0,,04:42:1a:19:88:f8,,2.0,1,1.0,,2412,-82.0,,4,,,,,,,,,,,,,,,,,,,,,,,,,,,,,,,,,,,,,,,,,,,,,,,,,,,,,,,,,,,,,,,,,,,,,,,,,,,,,,,,,,,,,,,,,,,,,,,,,,,,,,,,,,,,,,,,,,,,,,,,,,,,,,,,,,,,,,,,,,,,,,,,,,,,,,,,,,,,,,,,,,,,,,,,,,,,,,,,,,,,,,,,,,,,,,,,,,Normal
23,56,150046,"Apr 16, 2024 17:52:07.721475000 UTC",0.130579,0.130579,1713289927.721475,1207.628688,0,1,2412,54.0,16.0,26,,0,0x00000000,,,44,,,04:42:1a:19:88:f8,,,04:42:1a:19:88:f8,0x00000000,0,0,0,0,0,0,0,12,,,,,3.0,,,,04:42:1a:19:88:f8,28.0,,,,e6:1c:9f:ae:b7:0c,1526.0,,e6:1c:9f:ae:b7:0c,,,1,54.0,,2412,16.0,,6,,,,,,,,,,,,,,,,,,,,,,,,,,,,,,,,,,,,,,,,,,,,,,,,,,,,,,,,,,,,,,,,,,,,,,,,,,,,,,,,,,,,,,,,,,,,,,,,,,,,,,,,,,,,,,,,,,,,,,,,,,,,,,,,,,,,,,,,,,,,,,,,,,,,,,,,,,,,,,,,,,,,,,,,,,,,,,,,,,,,,,,,,,,,,,,,,,Normal
23,368,150047,"Apr 16, 2024 17:52:07.794349000 UTC",0.072874,0.072874,1713289927.794349,1207.701562,1,0,2412,1.0,-82.0,26,,0,0x00000000,,,0,,,04:42:1a:19:88:f8,,,ff:ff:ff:ff:ff:ff,0x00000000,0,0,0,0,0,0,0,8,,100.0,1.0,0.0,,6944096461207.0,,,ff:ff:ff:ff:ff:ff,2928.0,,,,04:42:1a:19:88:f8,1354.0,,04:42:1a:19:88:f8,,2.0,1,1.0,,2412,-82.0,,4,,,,,,,,,,,,,,,,,,,,,,,,,,,,,,,,,,,,,,,,,,,,,,,,,,,,,,,,,,,,,,,,,,,,,,,,,,,,,,,,,,,,,,,,,,,,,,,,,,,,,,,,,,,,,,,,,,,,,,,,,,,,,,,,,,,,,,,,,,,,,,,,,,,,,,,,,,,,,,,,,,,,,,,,,,,,,,,,,,,,,,,,,,,,,,,,,,Normal
23,56,150048,"Apr 16, 2024 17:52:07.821510000 UTC",0.027161,0.027161,1713289927.82151,1207.728723,0,1,2412,54.0,16.0,26,,0,0x00000000,,,44,,,04:42:1a:19:88:f8,,,04:42:1a:19:88:f8,0x00000000,0,0,0,0,0,0,0,12,,,,,3.0,,,,04:42:1a:19:88:f8,28.0,,,,e6:1c:9f:ae:b7:0c,1526.0,,e6:1c:9f:ae:b7:0c,,,1,54.0,,2412,16.0,,6,,,,,,,,,,,,,,,,,,,,,,,,,,,,,,,,,,,,,,,,,,,,,,,,,,,,,,,,,,,,,,,,,,,,,,,,,,,,,,,,,,,,,,,,,,,,,,,,,,,,,,,,,,,,,,,,,,,,,,,,,,,,,,,,,,,,,,,,,,,,,,,,,,,,,,,,,,,,,,,,,,,,,,,,,,,,,,,,,,,,,,,,,,,,,,,,,,Normal
23,368,150049,"Apr 16, 2024 17:52:07.896762000 UTC",0.075252,0.075252,1713289927.896762,1207.803975,1,0,2412,1.0,-82.0,26,,0,0x00000000,,,0,,,04:42:1a:19:88:f8,,,ff:ff:ff:ff:ff:ff,0x00000000,0,0,0,0,0,0,0,8,,100.0,1.0,0.0,,6944096563610.0,,,ff:ff:ff:ff:ff:ff,2928.0,,,,04:42:1a:19:88:f8,1355.0,,04:42:1a:19:88:f8,,2.0,1,1.0,,2412,-82.0,,4,,,,,,,,,,,,,,,,,,,,,,,,,,,,,,,,,,,,,,,,,,,,,,,,,,,,,,,,,,,,,,,,,,,,,,,,,,,,,,,,,,,,,,,,,,,,,,,,,,,,,,,,,,,,,,,,,,,,,,,,,,,,,,,,,,,,,,,,,,,,,,,,,,,,,,,,,,,,,,,,,,,,,,,,,,,,,,,,,,,,,,,,,,,,,,,,,,Normal
23,56,150050,"Apr 16, 2024 17:52:07.921691000 UTC",0.024929,0.024929,1713289927.921691,1207.828904,0,1,2412,54.0,16.0,26,,0,0x00000000,,,44,,,04:42:1a:19:88:f8,,,04:42:1a:19:88:f8,0x00000000,0,0,0,0,0,0,0,12,,,,,3.0,,,,04:42:1a:19:88:f8,28.0,,,,e6:1c:9f:ae:b7:0c,1526.0,,e6:1c:9f:ae:b7:0c,,,1,54.0,,2412,16.0,,6,,,,,,,,,,,,,,,,,,,,,,,,,,,,,,,,,,,,,,,,,,,,,,,,,,,,,,,,,,,,,,,,,,,,,,,,,,,,,,,,,,,,,,,,,,,,,,,,,,,,,,,,,,,,,,,,,,,,,,,,,,,,,,,,,,,,,,,,,,,,,,,,,,,,,,,,,,,,,,,,,,,,,,,,,,,,,,,,,,,,,,,,,,,,,,,,,,Normal
23,368,150051,"Apr 16, 2024 17:52:08.000512000 UTC",0.078821,0.078821,1713289928.000512,1207.907725,1,0,2412,1.0,-82.0,26,,0,0x00000000,,,0,,,04:42:1a:19:88:f8,,,ff:ff:ff:ff:ff:ff,0x00000000,0,0,0,0,0,0,0,8,,100.0,1.0,0.0,,6944096667354.0,,,ff:ff:ff:ff:ff:ff,2928.0,,,,04:42:1a:19:88:f8,1356.0,,04:42:1a:19:88:f8,,2.0,1,1.0,,2412,-82.0,,4,,,,,,,,,,,,,,,,,,,,,,,,,,,,,,,,,,,,,,,,,,,,,,,,,,,,,,,,,,,,,,,,,,,,,,,,,,,,,,,,,,,,,,,,,,,,,,,,,,,,,,,,,,,,,,,,,,,,,,,,,,,,,,,,,,,,,,,,,,,,,,,,,,,,,,,,,,,,,,,,,,,,,,,,,,,,,,,,,,,,,,,,,,,,,,,,,,Normal
23,368,150052,"Apr 16, 2024 17:52:08.101553000 UTC",0.10104099999999999,0.10104099999999999,1713289928.101553,1208.008766,1,0,2412,1.0,-82.0,26,,0,0x00000000,,,0,,,04:42:1a:19:88:f8,,,ff:ff:ff:ff:ff:ff,0x00000000,0,0,0,0,0,0,0,8,,100.0,1.0,0.0,,6944096768406.0,,,ff:ff:ff:ff:ff:ff,2928.0,,,,04:42:1a:19:88:f8,1357.0,,04:42:1a:19:88:f8,,2.0,1,1.0,,2412,-82.0,,4,,,,,,,,,,,,,,,,,,,,,,,,,,,,,,,,,,,,,,,,,,,,,,,,,,,,,,,,,,,,,,,,,,,,,,,,,,,,,,,,,,,,,,,,,,,,,,,,,,,,,,,,,,,,,,,,,,,,,,,,,,,,,,,,,,,,,,,,,,,,,,,,,,,,,,,,,,,,,,,,,,,,,,,,,,,,,,,,,,,,,,,,,,,,,,,,,,Normal
23,56,150053,"Apr 16, 2024 17:52:08.173453000 UTC",0.0719,0.0719,1713289928.1734529,1208.080666,0,1,2412,54.0,-40.0,26,,0,0x00000000,,,44,,,04:42:1a:19:88:f8,,,04:42:1a:19:88:f8,0x00000000,0,0,0,0,0,0,0,12,,,,,3.0,,,,04:42:1a:19:88:f8,28.0,,,,96:b2:32:88:77:0b,1526.0,,96:b2:32:88:77:0b,,,1,54.0,,2412,-40.0,,6,,,,,,,,,,,,,,,,,,,,,,,,,,,,,,,,,,,,,,,,,,,,,,,,,,,,,,,,,,,,,,,,,,,,,,,,,,,,,,,,,,,,,,,,,,,,,,,,,,,,,,,,,,,,,,,,,,,,,,,,,,,,,,,,,,,,,,,,,,,,,,,,,,,,,,,,,,,,,,,,,,,,,,,,,,,,,,,,,,,,,,,,,,,,,,,,,,Normal
23,368,150054,"Apr 16, 2024 17:52:08.203907000 UTC",0.030454000000000002,0.030454000000000002,1713289928.203907,1208.11112,1,0,2412,1.0,-82.0,26,,0,0x00000000,,,0,,,04:42:1a:19:88:f8,,,ff:ff:ff:ff:ff:ff,0x00000000,0,0,0,0,0,0,0,8,,100.0,1.0,0.0,,6944096870813.0,,,ff:ff:ff:ff:ff:ff,2928.0,,,,04:42:1a:19:88:f8,1358.0,,04:42:1a:19:88:f8,,2.0,1,1.0,,2412,-82.0,,4,,,,,,,,,,,,,,,,,,,,,,,,,,,,,,,,,,,,,,,,,,,,,,,,,,,,,,,,,,,,,,,,,,,,,,,,,,,,,,,,,,,,,,,,,,,,,,,,,,,,,,,,,,,,,,,,,,,,,,,,,,,,,,,,,,,,,,,,,,,,,,,,,,,,,,,,,,,,,,,,,,,,,,,,,,,,,,,,,,,,,,,,,,,,,,,,,,Normal
23,116,150055,"Apr 16, 2024 17:52:08.203909000 UTC",2e-06,2e-06,1713289928.203909,1208.111122,1,0,2412,1.0,-82.0,26,,0,0x00000000,,,0,,,04:42:1a:19:88:f8,,,ff:ff:ff:ff:ff:ff,0x00000002,0,0,0,1,0,2,0,0,,,,,,,,,ff:ff:ff:ff:ff:ff,912.0,,,,04:42:1a:19:88:f8,1359.0,,04:42:1a:19:88:f8,,,1,1.0,,2412,-82.0,,4,,,,,,,,,,,,,,,,,,,,,,,,,,,,1b:99:93:d7:84:2e:a2:d0:9b:df:31:df:52:66:5c:77:3b:6e:5d:8e:e0:a0:09:87:e7:ea:85:e9:55:75:c6:0a:a9:32:8f:ac:8c:8d:1e:64:d7:15:4b:ad:61:48:01:0d:7c:76:73:fd:14:3c,54.0,,,,,,,,,,,,,,,,,,,,,,,,,,,,,,,,,,,,,,,,,,,,,,,,,,,,,,,,,,,,,,,,,,,,,,,,,,,,,,,,,,,,,,,,,,,,,,,,,,,,,,,,,,,,,,,,,,,,,,,,,,,,,,,,,,,,,,,,,,,,,,,,,,,,,,,,,,,,,,,,,,,,,Normal
23,56,150056,"Apr 16, 2024 17:52:08.221509000 UTC",0.0176,0.0176,1713289928.221509,1208.1287220000002,0,1,2412,54.0,16.0,26,,0,0x00000000,,,44,,,04:42:1a:19:88:f8,,,04:42:1a:19:88:f8,0x00000000,0,0,0,0,0,0,0,12,,,,,3.0,,,,04:42:1a:19:88:f8,28.0,,,,e6:1c:9f:ae:b7:0c,1526.0,,e6:1c:9f:ae:b7:0c,,,1,54.0,,2412,16.0,,6,,,,,,,,,,,,,,,,,,,,,,,,,,,,,,,,,,,,,,,,,,,,,,,,,,,,,,,,,,,,,,,,,,,,,,,,,,,,,,,,,,,,,,,,,,,,,,,,,,,,,,,,,,,,,,,,,,,,,,,,,,,,,,,,,,,,,,,,,,,,,,,,,,,,,,,,,,,,,,,,,,,,,,,,,,,,,,,,,,,,,,,,,,,,,,,,,,Normal
23,56,150057,"Apr 16, 2024 17:52:08.273446000 UTC",0.051937,0.051937,1713289928.273446,1208.1806589999999,0,1,2412,54.0,-38.0,26,,0,0x00000000,,,44,,,04:42:1a:19:88:f8,,,04:42:1a:19:88:f8,0x00000000,0,0,0,0,0,0,0,12,,,,,3.0,,,,04:42:1a:19:88:f8,28.0,,,,96:b2:32:88:77:0b,1526.0,,96:b2:32:88:77:0b,,,1,54.0,,2412,-38.0,,6,,,,,,,,,,,,,,,,,,,,,,,,,,,,,,,,,,,,,,,,,,,,,,,,,,,,,,,,,,,,,,,,,,,,,,,,,,,,,,,,,,,,,,,,,,,,,,,,,,,,,,,,,,,,,,,,,,,,,,,,,,,,,,,,,,,,,,,,,,,,,,,,,,,,,,,,,,,,,,,,,,,,,,,,,,,,,,,,,,,,,,,,,,,,,,,,,,Normal
23,56,150058,"Apr 16, 2024 17:52:08.373528000 UTC",0.100082,0.100082,1713289928.373528,1208.280741,0,1,2412,54.0,-40.0,26,,0,0x00000000,,,44,,,04:42:1a:19:88:f8,,,04:42:1a:19:88:f8,0x00000000,0,0,0,0,0,0,0,12,,,,,3.0,,,,04:42:1a:19:88:f8,28.0,,,,96:b2:32:88:77:0b,1526.0,,96:b2:32:88:77:0b,,,1,54.0,,2412,-40.0,,6,,,,,,,,,,,,,,,,,,,,,,,,,,,,,,,,,,,,,,,,,,,,,,,,,,,,,,,,,,,,,,,,,,,,,,,,,,,,,,,,,,,,,,,,,,,,,,,,,,,,,,,,,,,,,,,,,,,,,,,,,,,,,,,,,,,,,,,,,,,,,,,,,,,,,,,,,,,,,,,,,,,,,,,,,,,,,,,,,,,,,,,,,,,,,,,,,,Normal
23,368,150059,"Apr 16, 2024 17:52:08.410072000 UTC",0.036544,0.036544,1713289928.410072,1208.3172849999999,1,0,2412,1.0,-82.0,26,,0,0x00000000,,,0,,,04:42:1a:19:88:f8,,,ff:ff:ff:ff:ff:ff,0x00000000,0,0,0,0,0,0,0,8,,100.0,1.0,0.0,,6944097076942.0,,,ff:ff:ff:ff:ff:ff,2928.0,,,,04:42:1a:19:88:f8,1361.0,,04:42:1a:19:88:f8,,2.0,1,1.0,,2412,-82.0,,4,,,,,,,,,,,,,,,,,,,,,,,,,,,,,,,,,,,,,,,,,,,,,,,,,,,,,,,,,,,,,,,,,,,,,,,,,,,,,,,,,,,,,,,,,,,,,,,,,,,,,,,,,,,,,,,,,,,,,,,,,,,,,,,,,,,,,,,,,,,,,,,,,,,,,,,,,,,,,,,,,,,,,,,,,,,,,,,,,,,,,,,,,,,,,,,,,,Normal
23,56,150060,"Apr 16, 2024 17:52:08.422444000 UTC",0.012372,0.012372,1713289928.4224439,1208.329657,0,1,2412,54.0,16.0,26,,0,0x00000000,,,44,,,04:42:1a:19:88:f8,,,04:42:1a:19:88:f8,0x00000000,0,0,0,0,0,0,0,12,,,,,3.0,,,,04:42:1a:19:88:f8,28.0,,,,e6:1c:9f:ae:b7:0c,1526.0,,e6:1c:9f:ae:b7:0c,,,1,54.0,,2412,16.0,,6,,,,,,,,,,,,,,,,,,,,,,,,,,,,,,,,,,,,,,,,,,,,,,,,,,,,,,,,,,,,,,,,,,,,,,,,,,,,,,,,,,,,,,,,,,,,,,,,,,,,,,,,,,,,,,,,,,,,,,,,,,,,,,,,,,,,,,,,,,,,,,,,,,,,,,,,,,,,,,,,,,,,,,,,,,,,,,,,,,,,,,,,,,,,,,,,,,Normal
23,62,150061,"Apr 16, 2024 17:52:08.444805000 UTC",0.022361000000000002,0.022361000000000002,1713289928.4448051,1208.352018,1,0,2412,1.0,-82.0,26,,0,0x00000000,,,314,,,04:42:1a:19:88:f8,,,5a:2e:25:bd:7f:0a,0x00000000,0,0,0,0,0,0,0,11,,,,,,,77.0,0x00000001,5a:2e:25:bd:7f:0a,480.0,,,,04:42:1a:19:88:f8,1362.0,,04:42:1a:19:88:f8,,,1,1.0,,2412,-82.0,,4,,,,,,,,,,,,,,,,,,,,,,,,,,,,,,,,,,,,,,,,,,,,,,,,,,,,,,,,,,,,,,,,,,,,,,,,,,,,,,,,,,,,,,,,,,,,,,,,,,,,,,,,,,,,,,,,,,,,,,,,,,,,,,,,,,,,,,,,,,,,,,,,,,,,,,,,,,,,,,,,,,,,,,,,,,,,,,,,,,,,,,,,,,,,,,,,,,Normal
23,62,150062,"Apr 16, 2024 17:52:08.446147000 UTC",0.001342,0.001342,1713289928.446147,1208.35336,1,0,2412,1.0,-82.0,26,,0,0x00000000,,,314,,,04:42:1a:19:88:f8,,,5a:2e:25:bd:7f:0a,0x00000000,0,0,0,0,0,0,1,11,,,,,,,77.0,0x00000001,5a:2e:25:bd:7f:0a,480.0,,,,04:42:1a:19:88:f8,1362.0,,04:42:1a:19:88:f8,,,1,1.0,,2412,-82.0,,4,,,,,,,,,,,,,,,,,,,,,,,,,,,,,,,,,,,,,,,,,,,,,,,,,,,,,,,,,,,,,,,,,,,,,,,,,,,,,,,,,,,,,,,,,,,,,,,,,,,,,,,,,,,,,,,,,,,,,,,,,,,,,,,,,,,,,,,,,,,,,,,,,,,,,,,,,,,,,,,,,,,,,,,,,,,,,,,,,,,,,,,,,,,,,,,,,,Normal
23,62,150063,"Apr 16, 2024 17:52:08.447841000 UTC",0.0016940000000000002,0.0016940000000000002,1713289928.447841,1208.3550539999999,1,0,2412,1.0,-82.0,26,,0,0x00000000,,,314,,,04:42:1a:19:88:f8,,,5a:2e:25:bd:7f:0a,0x00000000,0,0,0,0,0,0,1,11,,,,,,,77.0,0x00000001,5a:2e:25:bd:7f:0a,480.0,,,,04:42:1a:19:88:f8,1362.0,,04:42:1a:19:88:f8,,,1,1.0,,2412,-82.0,,4,,,,,,,,,,,,,,,,,,,,,,,,,,,,,,,,,,,,,,,,,,,,,,,,,,,,,,,,,,,,,,,,,,,,,,,,,,,,,,,,,,,,,,,,,,,,,,,,,,,,,,,,,,,,,,,,,,,,,,,,,,,,,,,,,,,,,,,,,,,,,,,,,,,,,,,,,,,,,,,,,,,,,,,,,,,,,,,,,,,,,,,,,,,,,,,,,,Normal
23,62,150064,"Apr 16, 2024 17:52:08.447843000 UTC",2e-06,2e-06,1713289928.447843,1208.355056,1,0,2412,1.0,-82.0,26,,0,0x00000000,,,314,,,04:42:1a:19:88:f8,,,5a:2e:25:bd:7f:0a,0x00000000,0,0,0,0,0,0,1,11,,,,,,,77.0,0x00000001,5a:2e:25:bd:7f:0a,480.0,,,,04:42:1a:19:88:f8,1362.0,,04:42:1a:19:88:f8,,,1,1.0,,2412,-82.0,,4,,,,,,,,,,,,,,,,,,,,,,,,,,,,,,,,,,,,,,,,,,,,,,,,,,,,,,,,,,,,,,,,,,,,,,,,,,,,,,,,,,,,,,,,,,,,,,,,,,,,,,,,,,,,,,,,,,,,,,,,,,,,,,,,,,,,,,,,,,,,,,,,,,,,,,,,,,,,,,,,,,,,,,,,,,,,,,,,,,,,,,,,,,,,,,,,,,Normal
23,62,150065,"Apr 16, 2024 17:52:08.449522000 UTC",0.001679,0.001679,1713289928.449522,1208.356735,1,0,2412,1.0,-82.0,26,,0,0x00000000,,,314,,,04:42:1a:19:88:f8,,,5a:2e:25:bd:7f:0a,0x00000000,0,0,0,0,0,0,1,11,,,,,,,77.0,0x00000001,5a:2e:25:bd:7f:0a,480.0,,,,04:42:1a:19:88:f8,1362.0,,04:42:1a:19:88:f8,,,1,1.0,,2412,-82.0,,4,,,,,,,,,,,,,,,,,,,,,,,,,,,,,,,,,,,,,,,,,,,,,,,,,,,,,,,,,,,,,,,,,,,,,,,,,,,,,,,,,,,,,,,,,,,,,,,,,,,,,,,,,,,,,,,,,,,,,,,,,,,,,,,,,,,,,,,,,,,,,,,,,,,,,,,,,,,,,,,,,,,,,,,,,,,,,,,,,,,,,,,,,,,,,,,,,,Normal
23,62,150066,"Apr 16, 2024 17:52:08.452963000 UTC",0.0034409999999999996,0.0034409999999999996,1713289928.452963,1208.360176,1,0,2412,1.0,-82.0,26,,0,0x00000000,,,314,,,04:42:1a:19:88:f8,,,5a:2e:25:bd:7f:0a,0x00000000,0,0,0,0,0,0,1,11,,,,,,,77.0,0x00000001,5a:2e:25:bd:7f:0a,480.0,,,,04:42:1a:19:88:f8,1362.0,,04:42:1a:19:88:f8,,,1,1.0,,2412,-82.0,,4,,,,,,,,,,,,,,,,,,,,,,,,,,,,,,,,,,,,,,,,,,,,,,,,,,,,,,,,,,,,,,,,,,,,,,,,,,,,,,,,,,,,,,,,,,,,,,,,,,,,,,,,,,,,,,,,,,,,,,,,,,,,,,,,,,,,,,,,,,,,,,,,,,,,,,,,,,,,,,,,,,,,,,,,,,,,,,,,,,,,,,,,,,,,,,,,,,Normal
23,146,150067,"Apr 16, 2024 17:52:08.473496000 UTC",0.020533000000000003,0.020533000000000003,1713289928.4734962,1208.380709,0,1,2412,54.0,-40.0,26,,0,0x00000000,,,44,,,04:42:1a:19:88:f8,,,04:42:1a:19:88:f8,0x00000000,0,0,0,0,0,0,0,11,,,,,,,0.0,0x00000001,04:42:1a:19:88:f8,40.0,,,,96:b2:32:88:77:0b,0.0,,96:b2:32:88:77:0b,,,1,54.0,,2412,-40.0,,6,,,,,,,,,,,,,,,,,,,,,,,,,,,,,,,,,,,,,,,,,,,,,,,,,,,,,,,,,,,,,,,,,,,,,,,,,,,,,,,,,,,,,,,,,,,,,,,,,,,,,,,,,,,,,,,,,,,,,,,,,,,,,,,,,,,,,,,,,,,,,,,,,,,,,,,,,,,,,,,,,,,,,,,,,,,,,,,,,,,,,,,,,,,,,,,,,,DragonTime
23,62,150068,"Apr 16, 2024 17:52:08.474923000 UTC",0.0014269999999999999,0.0014269999999999999,1713289928.4749231,1208.382136,1,0,2412,1.0,-82.0,26,,0,0x00000000,,,314,,,04:42:1a:19:88:f8,,,96:b2:32:88:77:0b,0x00000000,0,0,0,0,0,0,0,11,,,,,,,77.0,0x00000001,96:b2:32:88:77:0b,480.0,,,,04:42:1a:19:88:f8,1363.0,,04:42:1a:19:88:f8,,,1,1.0,,2412,-82.0,,4,,,,,,,,,,,,,,,,,,,,,,,,,,,,,,,,,,,,,,,,,,,,,,,,,,,,,,,,,,,,,,,,,,,,,,,,,,,,,,,,,,,,,,,,,,,,,,,,,,,,,,,,,,,,,,,,,,,,,,,,,,,,,,,,,,,,,,,,,,,,,,,,,,,,,,,,,,,,,,,,,,,,,,,,,,,,,,,,,,,,,,,,,,,,,,,,,,Normal
23,62,150069,"Apr 16, 2024 17:52:08.474924000 UTC",1e-06,1e-06,1713289928.474924,1208.3821369999998,1,0,2412,1.0,-82.0,26,,0,0x00000000,,,314,,,04:42:1a:19:88:f8,,,96:b2:32:88:77:0b,0x00000000,0,0,0,0,0,0,1,11,,,,,,,77.0,0x00000001,96:b2:32:88:77:0b,480.0,,,,04:42:1a:19:88:f8,1363.0,,04:42:1a:19:88:f8,,,1,1.0,,2412,-82.0,,4,,,,,,,,,,,,,,,,,,,,,,,,,,,,,,,,,,,,,,,,,,,,,,,,,,,,,,,,,,,,,,,,,,,,,,,,,,,,,,,,,,,,,,,,,,,,,,,,,,,,,,,,,,,,,,,,,,,,,,,,,,,,,,,,,,,,,,,,,,,,,,,,,,,,,,,,,,,,,,,,,,,,,,,,,,,,,,,,,,,,,,,,,,,,,,,,,,Normal
23,62,150070,"Apr 16, 2024 17:52:08.476648000 UTC",0.0017239999999999998,0.0017239999999999998,1713289928.476648,1208.383861,1,0,2412,1.0,-82.0,26,,0,0x00000000,,,314,,,04:42:1a:19:88:f8,,,96:b2:32:88:77:0b,0x00000000,0,0,0,0,0,0,1,11,,,,,,,77.0,0x00000001,96:b2:32:88:77:0b,480.0,,,,04:42:1a:19:88:f8,1363.0,,04:42:1a:19:88:f8,,,1,1.0,,2412,-82.0,,4,,,,,,,,,,,,,,,,,,,,,,,,,,,,,,,,,,,,,,,,,,,,,,,,,,,,,,,,,,,,,,,,,,,,,,,,,,,,,,,,,,,,,,,,,,,,,,,,,,,,,,,,,,,,,,,,,,,,,,,,,,,,,,,,,,,,,,,,,,,,,,,,,,,,,,,,,,,,,,,,,,,,,,,,,,,,,,,,,,,,,,,,,,,,,,,,,,Normal
23,62,150071,"Apr 16, 2024 17:52:08.478240000 UTC",0.001592,0.001592,1713289928.47824,1208.3854529999999,1,0,2412,1.0,-82.0,26,,0,0x00000000,,,314,,,04:42:1a:19:88:f8,,,96:b2:32:88:77:0b,0x00000000,0,0,0,0,0,0,1,11,,,,,,,77.0,0x00000001,96:b2:32:88:77:0b,480.0,,,,04:42:1a:19:88:f8,1363.0,,04:42:1a:19:88:f8,,,1,1.0,,2412,-82.0,,4,,,,,,,,,,,,,,,,,,,,,,,,,,,,,,,,,,,,,,,,,,,,,,,,,,,,,,,,,,,,,,,,,,,,,,,,,,,,,,,,,,,,,,,,,,,,,,,,,,,,,,,,,,,,,,,,,,,,,,,,,,,,,,,,,,,,,,,,,,,,,,,,,,,,,,,,,,,,,,,,,,,,,,,,,,,,,,,,,,,,,,,,,,,,,,,,,,Normal
23,62,150072,"Apr 16, 2024 17:52:08.478241000 UTC",1e-06,1e-06,1713289928.478241,1208.385454,1,0,2412,1.0,-82.0,26,,0,0x00000000,,,314,,,04:42:1a:19:88:f8,,,96:b2:32:88:77:0b,0x00000000,0,0,0,0,0,0,1,11,,,,,,,77.0,0x00000001,96:b2:32:88:77:0b,480.0,,,,04:42:1a:19:88:f8,1363.0,,04:42:1a:19:88:f8,,,1,1.0,,2412,-82.0,,4,,,,,,,,,,,,,,,,,,,,,,,,,,,,,,,,,,,,,,,,,,,,,,,,,,,,,,,,,,,,,,,,,,,,,,,,,,,,,,,,,,,,,,,,,,,,,,,,,,,,,,,,,,,,,,,,,,,,,,,,,,,,,,,,,,,,,,,,,,,,,,,,,,,,,,,,,,,,,,,,,,,,,,,,,,,,,,,,,,,,,,,,,,,,,,,,,,Normal
23,62,150073,"Apr 16, 2024 17:52:08.480049000 UTC",0.001808,0.001808,1713289928.4800491,1208.387262,1,0,2412,1.0,-82.0,26,,0,0x00000000,,,314,,,04:42:1a:19:88:f8,,,96:b2:32:88:77:0b,0x00000000,0,0,0,0,0,0,1,11,,,,,,,77.0,0x00000001,96:b2:32:88:77:0b,480.0,,,,04:42:1a:19:88:f8,1363.0,,04:42:1a:19:88:f8,,,1,1.0,,2412,-82.0,,4,,,,,,,,,,,,,,,,,,,,,,,,,,,,,,,,,,,,,,,,,,,,,,,,,,,,,,,,,,,,,,,,,,,,,,,,,,,,,,,,,,,,,,,,,,,,,,,,,,,,,,,,,,,,,,,,,,,,,,,,,,,,,,,,,,,,,,,,,,,,,,,,,,,,,,,,,,,,,,,,,,,,,,,,,,,,,,,,,,,,,,,,,,,,,,,,,,Normal
23,368,150074,"Apr 16, 2024 17:52:08.512744000 UTC",0.032695,0.032695,1713289928.512744,1208.419957,1,0,2412,1.0,-82.0,26,,0,0x00000000,,,0,,,04:42:1a:19:88:f8,,,ff:ff:ff:ff:ff:ff,0x00000000,0,0,0,0,0,0,0,8,,100.0,1.0,0.0,,6944097179595.0,,,ff:ff:ff:ff:ff:ff,2928.0,,,,04:42:1a:19:88:f8,1364.0,,04:42:1a:19:88:f8,,2.0,1,1.0,,2412,-82.0,,4,,,,,,,,,,,,,,,,,,,,,,,,,,,,,,,,,,,,,,,,,,,,,,,,,,,,,,,,,,,,,,,,,,,,,,,,,,,,,,,,,,,,,,,,,,,,,,,,,,,,,,,,,,,,,,,,,,,,,,,,,,,,,,,,,,,,,,,,,,,,,,,,,,,,,,,,,,,,,,,,,,,,,,,,,,,,,,,,,,,,,,,,,,,,,,,,,,Normal
23,116,150075,"Apr 16, 2024 17:52:08.512746000 UTC",2e-06,2e-06,1713289928.512746,1208.419959,1,0,2412,1.0,-82.0,26,,0,0x00000000,,,0,,,04:42:1a:19:88:f8,,,01:80:c2:00:00:00,0x00000002,0,0,0,1,0,2,0,0,,,,,,,,,01:80:c2:00:00:00,912.0,,,,04:42:1a:19:88:f8,1365.0,,04:42:1a:19:88:f8,,,1,1.0,,2412,-82.0,,4,,,,,,,,,,,,,,,,,,,,,,,,,,,,9e:c3:56:35:28:b5:ae:9a:5b:ae:7d:0a:98:25:50:10:48:08:07:00:f6:81:58:bd:d8:a1:f9:33:98:da:ea:dc:45:81:32:22:ec:fa:33:ce:6e:28:4b:94:ca:01:fb:03:83:50:f9:3c:ab:a0,54.0,,,,,,,,,,,,,,,,,,,,,,,,,,,,,,,,,,,,,,,,,,,,,,,,,,,,,,,,,,,,,,,,,,,,,,,,,,,,,,,,,,,,,,,,,,,,,,,,,,,,,,,,,,,,,,,,,,,,,,,,,,,,,,,,,,,,,,,,,,,,,,,,,,,,,,,,,,,,,,,,,,,,,Normal
23,56,150076,"Apr 16, 2024 17:52:08.521378000 UTC",0.008631999999999999,0.008631999999999999,1713289928.521378,1208.428591,0,1,2412,54.0,16.0,26,,0,0x00000000,,,44,,,04:42:1a:19:88:f8,,,04:42:1a:19:88:f8,0x00000000,0,0,0,0,0,0,0,12,,,,,3.0,,,,04:42:1a:19:88:f8,28.0,,,,e6:1c:9f:ae:b7:0c,1526.0,,e6:1c:9f:ae:b7:0c,,,1,54.0,,2412,16.0,,6,,,,,,,,,,,,,,,,,,,,,,,,,,,,,,,,,,,,,,,,,,,,,,,,,,,,,,,,,,,,,,,,,,,,,,,,,,,,,,,,,,,,,,,,,,,,,,,,,,,,,,,,,,,,,,,,,,,,,,,,,,,,,,,,,,,,,,,,,,,,,,,,,,,,,,,,,,,,,,,,,,,,,,,,,,,,,,,,,,,,,,,,,,,,,,,,,,Normal
23,368,150077,"Apr 16, 2024 17:52:08.618901000 UTC",0.097523,0.097523,1713289928.618901,1208.526114,1,0,2412,1.0,-82.0,26,,0,0x00000000,,,0,,,04:42:1a:19:88:f8,,,ff:ff:ff:ff:ff:ff,0x00000000,0,0,0,0,0,0,0,8,,100.0,1.0,0.0,,6944097285756.0,,,ff:ff:ff:ff:ff:ff,2928.0,,,,04:42:1a:19:88:f8,1366.0,,04:42:1a:19:88:f8,,2.0,1,1.0,,2412,-82.0,,4,,,,,,,,,,,,,,,,,,,,,,,,,,,,,,,,,,,,,,,,,,,,,,,,,,,,,,,,,,,,,,,,,,,,,,,,,,,,,,,,,,,,,,,,,,,,,,,,,,,,,,,,,,,,,,,,,,,,,,,,,,,,,,,,,,,,,,,,,,,,,,,,,,,,,,,,,,,,,,,,,,,,,,,,,,,,,,,,,,,,,,,,,,,,,,,,,,Normal
23,56,150078,"Apr 16, 2024 17:52:08.621398000 UTC",0.002497,0.002497,1713289928.621398,1208.528611,0,1,2412,54.0,16.0,26,,0,0x00000000,,,44,,,04:42:1a:19:88:f8,,,04:42:1a:19:88:f8,0x00000000,0,0,0,0,0,0,0,12,,,,,3.0,,,,04:42:1a:19:88:f8,28.0,,,,e6:1c:9f:ae:b7:0c,1526.0,,e6:1c:9f:ae:b7:0c,,,1,54.0,,2412,16.0,,6,,,,,,,,,,,,,,,,,,,,,,,,,,,,,,,,,,,,,,,,,,,,,,,,,,,,,,,,,,,,,,,,,,,,,,,,,,,,,,,,,,,,,,,,,,,,,,,,,,,,,,,,,,,,,,,,,,,,,,,,,,,,,,,,,,,,,,,,,,,,,,,,,,,,,,,,,,,,,,,,,,,,,,,,,,,,,,,,,,,,,,,,,,,,,,,,,,Normal
